[
  {
    "title": "Coachella 2026",
    "slug": "coachella-2026",
    "location": "Indio, California \ud83c\uddfa\ud83c\uddf8",
    "dates": [
      "April 10\u201312",
      "April 17\u201319"
    ],
    "timer_date": "2026-04-10",
    "lineup": [
      "Bad Bunny",
      "BLACKPINK",
      "Fred again.."
    ],
    "ticket_link": "https://www.coachella.com/tickets",
    "official_site": "https://www.coachella.com/",
    "meta_description": "Coachella 2026 is one of the biggest music festivals in the world. Learn about dates, lineup, tickets, and more.",
    "og_image_url": "https://days2event.com/assets/coachella.jpg"
  },
  {
    "title": "Tomorrowland 2025",
    "slug": "tomorrowland-2025",
    "location": "Boom, Belgium \ud83c\udde7\ud83c\uddea",
    "dates": [
      "July 18\u201320",
      "July 25\u201327"
    ],
    "timer_date": "2025-07-18",
    "lineup": [
      "Martin Garrix",
      "Armin van Buuren",
      "Charlotte de Witte"
    ],
    "ticket_link": "https://www.tomorrowland.com/global/",
    "official_site": "https://www.tomorrowland.com/global/",
    "meta_description": "Tomorrowland 2025 brings the best of EDM to Belgium with a massive lineup and unforgettable experience.",
    "og_image_url": "https://days2event.com/assets/tomorrowland.jpg"
  },
  {
    "title": "Lollapalooza Chicago 2025",
    "slug": "lollapalooza-chicago-2025",
    "location": "Chicago, Illinois \ud83c\uddfa\ud83c\uddf8",
    "dates": [],
    "timer_date": "2025-08-01",
    "lineup": [],
    "ticket_link": "https://www.lollapalooza.com/",
    "official_site": "https://www.lollapalooza.com/",
    "meta_description": "Lollapalooza Chicago 2025 official page, dates, location and ticket info.",
    "og_image_url": "https://days2event.com/assets/lollapalooza-chicago-2025.jpg"
  },
  {
    "title": "EDC Las Vegas 2025",
    "slug": "edc-las-vegas-2025",
    "location": "Las Vegas, Nevada \ud83c\uddfa\ud83c\uddf8",
    "dates": [],
    "timer_date": "2025-05-16",
    "lineup": [],
    "ticket_link": "https://lasvegas.electricdaisycarnival.com/",
    "official_site": "https://lasvegas.electricdaisycarnival.com/",
    "meta_description": "EDC Las Vegas 2025 official page, dates, location and ticket info.",
    "og_image_url": "https://days2event.com/assets/edc-las-vegas-2025.jpg"
  },
  {
    "title": "Ultra Miami 2025",
    "slug": "ultra-miami-2025",
    "location": "Miami, Florida \ud83c\uddfa\ud83c\uddf8",
    "dates": [],
    "timer_date": "2025-03-28",
    "lineup": [],
    "ticket_link": "https://ultramusicfestival.com/",
    "official_site": "https://ultramusicfestival.com/",
    "meta_description": "Ultra Miami 2025 official page, dates, location and ticket info.",
    "og_image_url": "https://days2event.com/assets/ultra-miami-2025.jpg"
  },
  {
    "title": "Burning Man 2025",
    "slug": "burning-man-2025",
    "location": "Black Rock Desert, Nevada \ud83c\uddfa\ud83c\uddf8",
    "dates": [],
    "timer_date": "2025-08-25",
    "lineup": [],
    "ticket_link": "https://burningman.org/",
    "official_site": "https://burningman.org/",
    "meta_description": "Burning Man 2025 official page, dates, location and ticket info.",
    "og_image_url": "https://days2event.com/assets/burning-man-2025.jpg"
  },
  {
    "title": "Glastonbury 2025",
    "slug": "glastonbury-2025",
    "location": "Somerset, UK \ud83c\uddec\ud83c\udde7",
    "dates": [],
    "timer_date": "2025-06-25",
    "lineup": [],
    "ticket_link": "https://www.glastonburyfestivals.co.uk/",
    "official_site": "https://www.glastonburyfestivals.co.uk/",
    "meta_description": "Glastonbury 2025 official page, dates, location and ticket info.",
    "og_image_url": "https://days2event.com/assets/glastonbury-2025.jpg"
  },
  {
    "title": "Rolling Loud Miami 2025",
    "slug": "rolling-loud-miami-2025",
    "location": "Miami, Florida \ud83c\uddfa\ud83c\uddf8",
    "dates": [],
    "timer_date": "2025-07-19",
    "lineup": [],
    "ticket_link": "https://www.rollingloud.com/",
    "official_site": "https://www.rollingloud.com/",
    "meta_description": "Rolling Loud Miami 2025 official page, dates, location and ticket info.",
    "og_image_url": "https://days2event.com/assets/rolling-loud-miami-2025.jpg"
  },
  {
    "title": "Stagecoach 2025",
    "slug": "stagecoach-2025",
    "location": "Indio, California \ud83c\uddfa\ud83c\uddf8",
    "dates": [],
    "timer_date": "2025-04-25",
    "lineup": [],
    "ticket_link": "https://www.stagecoachfestival.com/",
    "official_site": "https://www.stagecoachfestival.com/",
    "meta_description": "Stagecoach 2025 official page, dates, location and ticket info.",
    "og_image_url": "https://days2event.com/assets/stagecoach-2025.jpg"
  },
  {
    "title": "Austin City Limits 2025",
    "slug": "acl-2025",
    "location": "Austin, Texas \ud83c\uddfa\ud83c\uddf8",
    "dates": [],
    "timer_date": "2025-10-03",
    "lineup": [],
    "ticket_link": "https://www.aclfestival.com/",
    "official_site": "https://www.aclfestival.com/",
    "meta_description": "Austin City Limits 2025 official page, dates, location and ticket info.",
    "og_image_url": "https://days2event.com/assets/acl-2025.jpg"
  },
  {
    "title": "Primavera Sound 2025",
    "slug": "primavera-sound-2025",
    "location": "Barcelona, Spain \ud83c\uddea\ud83c\uddf8",
    "dates": [],
    "timer_date": "2025-06-05",
    "lineup": [],
    "ticket_link": "https://www.primaverasound.com/",
    "official_site": "https://www.primaverasound.com/",
    "meta_description": "Primavera Sound 2025 official page, dates, location and ticket info.",
    "og_image_url": "https://days2event.com/assets/primavera-sound-2025.jpg"
  },
  {
    "title": "Rock in Rio 2025",
    "slug": "rock-in-rio-2025",
    "location": "Rio de Janeiro, Brazil \ud83c\udde7\ud83c\uddf7",
    "dates": [],
    "timer_date": "2025-09-12",
    "lineup": [],
    "ticket_link": "https://rockinrio.com/",
    "official_site": "https://rockinrio.com/",
    "meta_description": "Rock in Rio 2025 official page, dates, location and ticket info.",
    "og_image_url": "https://days2event.com/assets/rock-in-rio-2025.jpg"
  },
  {
    "title": "Creamfields 2025",
    "slug": "creamfields-2025",
    "location": "Daresbury, UK \ud83c\uddec\ud83c\udde7",
    "dates": [],
    "timer_date": "2025-08-21",
    "lineup": [],
    "ticket_link": "https://creamfields.com/",
    "official_site": "https://creamfields.com/",
    "meta_description": "Creamfields 2025 official page, dates, location and ticket info.",
    "og_image_url": "https://days2event.com/assets/creamfields-2025.jpg"
  },
  {
    "title": "Electric Zoo 2025",
    "slug": "electric-zoo-2025",
    "location": "New York, USA \ud83c\uddfa\ud83c\uddf8",
    "dates": [],
    "timer_date": "2025-08-29",
    "lineup": [],
    "ticket_link": "https://electriczoo.com/",
    "official_site": "https://electriczoo.com/",
    "meta_description": "Electric Zoo 2025 official page, dates, location and ticket info.",
    "og_image_url": "https://days2event.com/assets/electric-zoo-2025.jpg"
  },
  {
    "title": "Outside Lands 2025",
    "slug": "outside-lands-2025",
    "location": "San Francisco, USA \ud83c\uddfa\ud83c\uddf8",
    "dates": [],
    "timer_date": "2025-08-08",
    "lineup": [],
    "ticket_link": "https://www.sfoutsidelands.com/",
    "official_site": "https://www.sfoutsidelands.com/",
    "meta_description": "Outside Lands 2025 official page, dates, location and ticket info.",
    "og_image_url": "https://days2event.com/assets/outside-lands-2025.jpg"
  },
  {
    "title": "Sziget Festival 2025",
    "slug": "sziget-2025",
    "location": "Budapest, Hungary \ud83c\udded\ud83c\uddfa",
    "dates": [],
    "timer_date": "2025-08-11",
    "lineup": [],
    "ticket_link": "https://szigetfestival.com/",
    "official_site": "https://szigetfestival.com/",
    "meta_description": "Sziget Festival 2025 official page, dates, location and ticket info.",
    "og_image_url": "https://days2event.com/assets/sziget-2025.jpg"
  },
  {
    "title": "Governors Ball 2025",
    "slug": "governors-ball-2025",
    "location": "New York, USA \ud83c\uddfa\ud83c\uddf8",
    "dates": [],
    "timer_date": "2025-06-06",
    "lineup": [],
    "ticket_link": "https://www.governorsballmusicfestival.com/",
    "official_site": "https://www.governorsballmusicfestival.com/",
    "meta_description": "Governors Ball 2025 official page, dates, location and ticket info.",
    "og_image_url": "https://days2event.com/assets/governors-ball-2025.jpg"
  },
  {
    "title": "Fuji Rock 2025",
    "slug": "fuji-rock-2025",
    "location": "Niigata, Japan \ud83c\uddef\ud83c\uddf5",
    "dates": [],
    "timer_date": "2025-07-25",
    "lineup": [],
    "ticket_link": "https://www.fujirockfestival.com/",
    "official_site": "https://www.fujirockfestival.com/",
    "meta_description": "Fuji Rock 2025 official page, dates, location and ticket info.",
    "og_image_url": "https://days2event.com/assets/fuji-rock-2025.jpg"
  },
  {
    "title": "EXIT Festival 2025",
    "slug": "exit-2025",
    "location": "Novi Sad, Serbia \ud83c\uddf7\ud83c\uddf8",
    "dates": [],
    "timer_date": "2025-07-10",
    "lineup": [],
    "ticket_link": "https://www.exitfest.org/",
    "official_site": "https://www.exitfest.org/",
    "meta_description": "EXIT Festival 2025 official page, dates, location and ticket info.",
    "og_image_url": "https://days2event.com/assets/exit-2025.jpg"
  },
  {
    "title": "Electric Forest 2025",
    "slug": "electric-forest-2025",
    "location": "Michigan, USA \ud83c\uddfa\ud83c\uddf8",
    "dates": [],
    "timer_date": "2025-06-19",
    "lineup": [],
    "ticket_link": "https://electricforestfestival.com/",
    "official_site": "https://electricforestfestival.com/",
    "meta_description": "Electric Forest 2025 official page, dates, location and ticket info.",
    "og_image_url": "https://days2event.com/assets/electric-forest-2025.jpg"
  }
]